{"training/action_error": 0.649027943611145, "evaluation/target_1800_length_std": 0.6, "evaluation/target_3600_length_mean": 60.0, "evaluation/target_3600_return_std": 0.38080681392494015, "evaluation/target_1800_length_mean": 59.8, "_runtime": 297.86221742630005, "evaluation/target_1800_return_std": 1.1457835687047426, "_timestamp": 1733573312.7318149, "evaluation/target_3600_return_mean": 59.71867145263731, "time/training": 5.196569442749023, "time/total": 25.12660503387451, "_step": 5, "training/train_loss_std": 0.038981333762506704, "training/train_loss_mean": 0.7069189351797104, "time/evaluation": 11.284485340118408, "evaluation/target_3600_length_std": 0.0, "evaluation/target_1800_return_mean": 60.94693139041338, "evaluation/target_6000_return_std": 11.682988930029982, "evaluation/target_12000_return_mean": -233.27553065063643, "evaluation/target_12000_length_mean": 1000.0, "evaluation/target_12000_length_std": 0.0, "evaluation/target_6000_length_std": 0.0, "evaluation/target_12000_return_std": 12.111017193974199, "evaluation/target_6000_length_mean": 1000.0, "evaluation/target_6000_return_mean": -234.07292604990295, "evaluation/target_2500_return_mean": 18.266977162073964, "evaluation/target_2500_return_std": 4.612953755674277, "evaluation/target_5000_return_mean": 18.579351875835634, "evaluation/target_5000_return_std": 3.329561279151913, "evaluation/target_5000_length_std": 5.817215828899595, "evaluation/target_2500_length_std": 2.6076809620810595, "evaluation/target_5000_length_mean": 40.4, "evaluation/target_2500_length_mean": 38.0}
